Name,Type,Page,Page Number,Schematic,PartPin,LocationX,LocationY,Zone,IREF
"ETHERNET_CS","OffPage","ETHERNET","8","SCHEMATIC1","R70.1,U14.32","118","12","5D","P[2,8]"
"ETHERNET_CS","OffPage","ETHERNET","8","SCHEMATIC1","R70.1,U14.32","130","76","5D","P[2,8]"
"SPI2_NSS","OffPage","ETHERNET","8","SCHEMATIC1","R70.1,U14.32","142","12","5D","P[2]"
"SPI2_NSS","OffPage","OFFPAGE","3","SCHEMATIC1","","602","262","2C","P[2,8]"
"PB12","OffPage","MCU","2","SCHEMATIC1","U34.33","112","378","5B","P[8]"
"PB12","OffPage","OFFPAGE","3","SCHEMATIC1","","582","262","2C","P[2,8]"
"PC14","OffPage","MCU","2","SCHEMATIC1","C164.2,U34.3,Y8.1","112","558","5A","P[2]"
"PC14","OffPage","MCU","2","SCHEMATIC1","C164.2,U34.3,Y8.1","774","204","1C","P[2]"
"PC15","OffPage","MCU","2","SCHEMATIC1","C163.2,U34.4,Y8.2","112","568","5A","P[2]"
"PC15","OffPage","MCU","2","SCHEMATIC1","C163.2,U34.4,Y8.2","862","204","1C","P[2]"
"PH0","OffPage","MCU","2","SCHEMATIC1","C161.2,U34.5,Y7.1","774","164","1D","P[2]"
"PH0","OffPage","MCU","2","SCHEMATIC1","C161.2,U34.5,Y7.1","112","578","5A","P[2]"
"PH1","OffPage","MCU","2","SCHEMATIC1","C162.2,U34.6,Y7.2","112","588","5A","P[2]"
"PH1","OffPage","MCU","2","SCHEMATIC1","C162.2,U34.6,Y7.2","864","164","1D","P[2]"
"BEEP","OffPage","TERMINAL","12","SCHEMATIC1","J29.10","392","474","3B","P[2]"
"BEEP","OffPage","OFFPAGE","3","SCHEMATIC1","","600","484","2B","P[2,12]"
"PA8","OffPage","MCU","2","SCHEMATIC1","U34.41","112","178","5C","P[12]"
"PA8","OffPage","OFFPAGE","3","SCHEMATIC1","","580","484","2B","P[2,12]"
"USART1_TX","OffPage","TERMINAL","12","SCHEMATIC1","J62.4","762","158","2D","P[2]"
"USART1_TX","OffPage","OFFPAGE","3","SCHEMATIC1","","234","406","4B","P[2,12]"
"PA9","OffPage","MCU","2","SCHEMATIC1","U34.42","112","188","5C","P[12]"
"PA9","OffPage","OFFPAGE","3","SCHEMATIC1","","202","406","4B","P[2,12]"
"USART2_RX","OffPage","RS485","9","SCHEMATIC1","J13.02","554","468","3B","P[2]"
"USART2_RX","OffPage","OFFPAGE","3","SCHEMATIC1","","234","384","4B","P[2,9]"
"PA3","OffPage","MCU","2","SCHEMATIC1","U34.17","112","128","5D","P[9]"
"PA3","OffPage","OFFPAGE","3","SCHEMATIC1","","202","384","4B","P[2,9]"
"ETHERNET_INTn","OffPage","ETHERNET","8","SCHEMATIC1","R68.1,U14.36","120","32","5D","P[2,8]"
"ETHERNET_INTn","OffPage","ETHERNET","8","SCHEMATIC1","R68.1,U14.36","132","96","5D","P[2,8]"
"PB3","OffPage","ETHERNET","8","SCHEMATIC1","R68.1,U14.36","142","32","5D","P[2]"
"PB3","OffPage","MCU","2","SCHEMATIC1","U34.55","112","288","5C","P[8]"
"TIM2_CN1","OffPage","TERMINAL","12","SCHEMATIC1","J30.08","774","466","1B","P[2]"
"TIM2_CN1","OffPage","OFFPAGE","3","SCHEMATIC1","","236","296","4C","P[2,12]"
"PA15","OffPage","MCU","2","SCHEMATIC1","U34.50","112","248","5C","P[12]"
"PA15","OffPage","OFFPAGE","3","SCHEMATIC1","","204","296","4C","P[2,12]"
"PC6","OffPage","MCU","2","SCHEMATIC1","U34.37","112","478","5B","P[12]"
"PC6","OffPage","OFFPAGE","3","SCHEMATIC1","","586","106","2D","P[2,12]"
"USART6_TX","OffPage","TERMINAL","12","SCHEMATIC1","J62.2","762","178","2C","P[2]"
"USART6_TX","OffPage","OFFPAGE","3","SCHEMATIC1","","606","106","2D","P[2,12]"
"ADC1_IN10","OffPage","TERMINAL","12","SCHEMATIC1","J24.8","312","276","4C","P[2]"
"ADC1_IN10","OffPage","OFFPAGE","3","SCHEMATIC1","","240","108","4D","P[2,12]"
"PC0","OffPage","MCU","2","SCHEMATIC1","U34.8","112","418","5B","P[12]"
"PC0","OffPage","OFFPAGE","3","SCHEMATIC1","","208","108","4D","P[2,12]"
"ADC1_IN11","OffPage","TERMINAL","12","SCHEMATIC1","J24.7","312","286","4C","P[2]"
"ADC1_IN11","OffPage","OFFPAGE","3","SCHEMATIC1","","240","126","4D","P[2,12]"
"PC1","OffPage","MCU","2","SCHEMATIC1","U34.9","112","428","5B","P[12]"
"PC1","OffPage","OFFPAGE","3","SCHEMATIC1","","208","126","4D","P[2,12]"
"ADC1_IN12","OffPage","TERMINAL","12","SCHEMATIC1","J24.6","312","296","4C","P[2]"
"ADC1_IN12","OffPage","OFFPAGE","3","SCHEMATIC1","","238","148","4D","P[2,12]"
"PC2","OffPage","MCU","2","SCHEMATIC1","U34.10","112","438","5B","P[12]"
"PC2","OffPage","OFFPAGE","3","SCHEMATIC1","","206","148","4D","P[2,12]"
"ADC1_IN13","OffPage","TERMINAL","12","SCHEMATIC1","J24.5","312","306","4C","P[2]"
"ADC1_IN13","OffPage","OFFPAGE","3","SCHEMATIC1","","238","166","4D","P[2,12]"
"PC3","OffPage","MCU","2","SCHEMATIC1","U34.11","112","448","5B","P[12]"
"PC3","OffPage","OFFPAGE","3","SCHEMATIC1","","206","166","4D","P[2,12]"
"PC7","OffPage","MCU","2","SCHEMATIC1","U34.38","112","488","5B","P[12]"
"PC7","OffPage","OFFPAGE","3","SCHEMATIC1","","586","124","2D","P[2,12]"
"USART6_RX","OffPage","TERMINAL","12","SCHEMATIC1","J62.1","762","188","2C","P[2]"
"USART6_RX","OffPage","OFFPAGE","3","SCHEMATIC1","","606","124","2D","P[2,12]"
"PA4","OffPage","MCU","2","SCHEMATIC1","U34.20","112","138","5D","P[12]"
"PA4","OffPage","OFFPAGE","3","SCHEMATIC1","","206","188","4C","P[2,12]"
"ADC1_IN4","OffPage","TERMINAL","12","SCHEMATIC1","J24.4","312","316","4C","P[2]"
"ADC1_IN4","OffPage","OFFPAGE","3","SCHEMATIC1","","238","188","4C","P[2,12]"
"PA6","OffPage","MCU","2","SCHEMATIC1","U34.22","112","158","5D","P[12]"
"PA6","OffPage","OFFPAGE","3","SCHEMATIC1","","206","206","4C","P[2,12]"
"ADC1_IN6","OffPage","TERMINAL","12","SCHEMATIC1","J24.3","312","326","4C","P[2]"
"ADC1_IN6","OffPage","OFFPAGE","3","SCHEMATIC1","","238","206","4C","P[2,12]"
"RS485_B-","OffPage","RS485","9","SCHEMATIC1","F3.2","834","348","1C","P[12]"
"RS485_B-","OffPage","TERMINAL","12","SCHEMATIC1","J28.1","558","336","3C","P[9]"
"ADC1_IN14","OffPage","TERMINAL","12","SCHEMATIC1","J24.2","312","336","4C","P[2]"
"ADC1_IN14","OffPage","OFFPAGE","3","SCHEMATIC1","","238","224","4C","P[2,12]"
"PC4","OffPage","MCU","2","SCHEMATIC1","U34.24","112","458","5B","P[12]"
"PC4","OffPage","OFFPAGE","3","SCHEMATIC1","","206","224","4C","P[2,12]"
"ADC1_IN15","OffPage","TERMINAL","12","SCHEMATIC1","J24.1","312","346","4C","P[2]"
"ADC1_IN15","OffPage","OFFPAGE","3","SCHEMATIC1","","238","242","4C","P[2,12]"
"PC5","OffPage","MCU","2","SCHEMATIC1","U34.25","112","468","5B","P[12]"
"PC5","OffPage","OFFPAGE","3","SCHEMATIC1","","206","242","4C","P[2,12]"
"VCAP","OffPage","MCU","2","SCHEMATIC1","C155.2,U34.30","312","528","4B","P[2]"
"VCAP","OffPage","MCU","2","SCHEMATIC1","C155.2,U34.30","512","244","3C","P[2]"
"RS485_A+","OffPage","RS485","9","SCHEMATIC1","F2.2","828","188","1C","P[12]"
"RS485_A+","OffPage","TERMINAL","12","SCHEMATIC1","J28.3","558","316","3C","P[9]"
"VDD","OffPage","MCU","2","SCHEMATIC1","J31.04,R233.2,U34.1,U34.19,U34.32,U34.48,U34.64","312","78","4D","P[2]"
"VDD","OffPage","MCU","2","SCHEMATIC1","J31.04,R233.2,U34.1,U34.19,U34.32,U34.48,U34.64","504","188","3C","P[2]"
"VDD","OffPage","MCU","2","SCHEMATIC1","J31.04,R233.2,U34.1,U34.19,U34.32,U34.48,U34.64","312","88","4D","P[2]"
"VDD","OffPage","MCU","2","SCHEMATIC1","J31.04,R233.2,U34.1,U34.19,U34.32,U34.48,U34.64","312","118","4D","P[2]"
"VDD","OffPage","MCU","2","SCHEMATIC1","J31.04,R233.2,U34.1,U34.19,U34.32,U34.48,U34.64","312","98","4D","P[2]"
"VDD","OffPage","MCU","2","SCHEMATIC1","J31.04,R233.2,U34.1,U34.19,U34.32,U34.48,U34.64","312","68","4D","P[2]"
"N_GPIO_Output_2","OffPage","OUTPUT","5","SCHEMATIC1","D37.2,Q4.2,R58.1","782","400","1B","P[12]"
"N_GPIO_Output_2","OffPage","TERMINAL","12","SCHEMATIC1","J23.6","312","160","4D","P[5]"
"N_GPIO_Output_1","OffPage","OUTPUT","5","SCHEMATIC1","D36.2,Q3.2,R53.1","772","214","1C","P[12]"
"N_GPIO_Output_1","OffPage","TERMINAL","12","SCHEMATIC1","J23.5","312","170","4C","P[5]"
"N_GPIO_Output_3","OffPage","OUTPUT2","6","SCHEMATIC1","D109.2,Q6.2,R242.1","780","214","1C","P[12]"
"N_GPIO_Output_3","OffPage","TERMINAL","12","SCHEMATIC1","J23.7","312","150","4D","P[6]"
"N_GPIO_Output_4","OffPage","OUTPUT2","6","SCHEMATIC1","D111.2,Q7.2,R247.1","790","400","1B","P[12]"
"N_GPIO_Output_4","OffPage","TERMINAL","12","SCHEMATIC1","J23.8","312","140","4D","P[6]"
"SCL_DS3231","OffPage","RTC","10","SCHEMATIC1","R168.1,U13.16","504","36","3D","P[2,10]"
"SCL_DS3231","OffPage","RTC","10","SCHEMATIC1","R168.1,U13.16","288","260","4C","P[2,10]"
"I2C2_SCL","OffPage","RTC","10","SCHEMATIC1","R168.1,U13.16","526","36","3D","P[2]"
"I2C2_SCL","OffPage","OFFPAGE","3","SCHEMATIC1","","604","140","2D","P[2,10]"
"PB10","OffPage","MCU","2","SCHEMATIC1","U34.29","112","358","5B","P[10]"
"PB10","OffPage","OFFPAGE","3","SCHEMATIC1","","584","140","2D","P[2,10]"
"SDA_DS3231","OffPage","RTC","10","SCHEMATIC1","R169.1,U13.15","626","302","2C","P[2,10]"
"SDA_DS3231","OffPage","RTC","10","SCHEMATIC1","R169.1,U13.15","502","16","3D","P[2,10]"
"I2C2_SDA","OffPage","RTC","10","SCHEMATIC1","R169.1,U13.15","526","16","3D","P[2]"
"I2C2_SDA","OffPage","OFFPAGE","3","SCHEMATIC1","","604","158","2D","P[2,10]"
"PB9","OffPage","MCU","2","SCHEMATIC1","U34.62","112","348","5C","P[10]"
"PB9","OffPage","OFFPAGE","3","SCHEMATIC1","","584","158","2D","P[2,10]"
"PA1","OffPage","MCU","2","SCHEMATIC1","U34.15","112","108","5D","P[12]"
"PA1","OffPage","OFFPAGE","3","SCHEMATIC1","","204","314","4C","P[2,12]"
"TIM2_CN2","OffPage","TERMINAL","12","SCHEMATIC1","J30.06","774","456","1B","P[2]"
"TIM2_CN2","OffPage","OFFPAGE","3","SCHEMATIC1","","236","314","4C","P[2,12]"
"GPIO_Output_2","OffPage","OUTPUT","5","SCHEMATIC1","C60.2,R54.2,R56.1","278","352","4B","P[2,10]"
"GPIO_Output_2","OffPage","OFFPAGE","3","SCHEMATIC1","","232","442","4B","P[2,5,10]"
"INT_DS3231","OffPage","RTC","10","SCHEMATIC1","R64.1,U13.3","504","72","3D","P[2,5,10]"
"INT_DS3231","OffPage","RTC","10","SCHEMATIC1","R64.1,U13.3","626","312","2C","P[2,5,10]"
"PC12","OffPage","RTC","10","SCHEMATIC1","R64.1,U13.3","526","72","3D","P[2,5]"
"PC12","OffPage","MCU","2","SCHEMATIC1","U34.53","112","538","5A","P[5,10]"
"PC12","OffPage","OFFPAGE","3","SCHEMATIC1","","200","442","4B","P[2,5,10]"
"GPIO_Output_1","OffPage","OUTPUT","5","SCHEMATIC1","C59.2,R49.2,R50.1","256","166","4D","P[2]"
"GPIO_Output_1","OffPage","OFFPAGE","3","SCHEMATIC1","","604","432","2B","P[2,5]"
"PC11","OffPage","MCU","2","SCHEMATIC1","U34.52","112","528","5B","P[5]"
"PC11","OffPage","OFFPAGE","3","SCHEMATIC1","","580","432","2B","P[2,5]"
"PA7","OffPage","MCU","2","SCHEMATIC1","U34.23","112","168","5D","P[12]"
"PA7","OffPage","OFFPAGE","3","SCHEMATIC1","","580","278","2C","P[2,12]"
"SPI1_MOSI","OffPage","TERMINAL","12","SCHEMATIC1","J29.08","392","464","3B","P[2]"
"SPI1_MOSI","OffPage","OFFPAGE","3","SCHEMATIC1","","600","278","2C","P[2,12]"
"SPI1_SCK","OffPage","TERMINAL","12","SCHEMATIC1","J29.06","392","454","3B","P[2]"
"SPI1_SCK","OffPage","OFFPAGE","3","SCHEMATIC1","","600","296","2C","P[2,12]"
"PA5","OffPage","MCU","2","SCHEMATIC1","U34.21","112","148","5D","P[12]"
"PA5","OffPage","OFFPAGE","3","SCHEMATIC1","","580","296","2C","P[2,12]"
"SPI1_NSS","OffPage","TERMINAL","12","SCHEMATIC1","J29.07","246","464","4B","P[2]"
"SPI1_NSS","OffPage","OFFPAGE","3","SCHEMATIC1","","600","312","2C","P[2,12]"
"PA0","OffPage","MCU","2","SCHEMATIC1","U34.14","112","98","5D","P[12]"
"PA0","OffPage","OFFPAGE","3","SCHEMATIC1","","578","312","2C","P[2,12]"
"PD2","OffPage","MCU","2","SCHEMATIC1","U34.54","112","598","5A","P[6]"
"PD2","OffPage","OFFPAGE","3","SCHEMATIC1","","200","460","4B","P[2,6]"
"GPIO_Output_3","OffPage","OUTPUT2","6","SCHEMATIC1","C165.2,R238.2,R240.1","264","166","4D","P[2]"
"GPIO_Output_3","OffPage","OFFPAGE","3","SCHEMATIC1","","232","460","4B","P[2,6]"
"GPIO_Output_4","OffPage","OUTPUT2","6","SCHEMATIC1","C168.2,R243.2,R245.1","286","352","4B","P[2]"
"GPIO_Output_4","OffPage","OFFPAGE","3","SCHEMATIC1","","232","478","4B","P[2,6]"
"PC13","OffPage","MCU","2","SCHEMATIC1","U34.2","112","548","5A","P[6]"
"PC13","OffPage","OFFPAGE","3","SCHEMATIC1","","200","478","4B","P[2,6]"
"GPIO_Input_Menu","OffPage","TERMINAL","12","SCHEMATIC1","J29.09","246","474","4B","P[2]"
"GPIO_Input_Menu","OffPage","OFFPAGE","3","SCHEMATIC1","","238","278","4C","P[2,12]"
"PB1","OffPage","MCU","2","SCHEMATIC1","U34.27","112","268","5C","P[12]"
"PB1","OffPage","OFFPAGE","3","SCHEMATIC1","","206","278","4C","P[2,12]"
"N_GPIO_Input_1","OffPage","TERMINAL","12","SCHEMATIC1","J23.1","312","210","4C","P[4]"
"N_GPIO_Input_1","OffPage","INPUT","4","SCHEMATIC1","R26.2,U8.2","296","320","4C","P[12]"
"N_GPIO_Input_2","OffPage","TERMINAL","12","SCHEMATIC1","J23.2","312","200","4C","P[4]"
"N_GPIO_Input_2","OffPage","INPUT","4","SCHEMATIC1","R28.2,U8.4","296","362","4B","P[12]"
"N_GPIO_Input_3","OffPage","TERMINAL","12","SCHEMATIC1","J23.3","312","190","4C","P[4]"
"N_GPIO_Input_3","OffPage","INPUT","4","SCHEMATIC1","R30.2,U8.6","298","400","4B","P[12]"
"N_GPIO_Input_4","OffPage","TERMINAL","12","SCHEMATIC1","J23.4","312","180","4C","P[4]"
"N_GPIO_Input_4","OffPage","INPUT","4","SCHEMATIC1","R32.2,U8.8","296","430","4B","P[12]"
"VREF+","OffPage","MCU","2","SCHEMATIC1","C156.2,U34.13","512","216","3C","P[2]"
"VREF+","OffPage","MCU","2","SCHEMATIC1","C156.2,U34.13","312","108","4D","P[2]"
"PA12","OffPage","MCU","2","SCHEMATIC1","U34.45","112","218","5C","P[11]"
"PA12","OffPage","OFFPAGE","3","SCHEMATIC1","","580","398","2B","P[2,11]"
"USB_DP","OffPage","USB","11","SCHEMATIC1","D12.1,J61.3","358","280","4C","P[2]"
"USB_DP","OffPage","OFFPAGE","3","SCHEMATIC1","","604","398","2B","P[2,11]"
"PA11","OffPage","MCU","2","SCHEMATIC1","U34.44","112","208","5C","P[11]"
"PA11","OffPage","OFFPAGE","3","SCHEMATIC1","","580","414","2B","P[2,11]"
"USB_DM","OffPage","OFFPAGE","3","SCHEMATIC1","","604","414","2B","P[2,11]"
"USB_DM","OffPage","USB","11","SCHEMATIC1","D11.1,J61.2","360","270","4C","P[2]"
"PB2","OffPage","MCU","2","SCHEMATIC1","U34.28","112","278","5C","P[4]"
"PB2","OffPage","OFFPAGE","3","SCHEMATIC1","","580","330","2C","P[2,4]"
"GPIO_Input_1","OffPage","INPUT","4","SCHEMATIC1","C54.2,D30.2,R24.2,U8.10","570","206","3C","P[2]"
"GPIO_Input_1","OffPage","OFFPAGE","3","SCHEMATIC1","","600","330","2C","P[2,4]"
"GPIO_Input_2","OffPage","INPUT","4","SCHEMATIC1","C53.2,D29.2,R23.2,U8.12","570","216","3C","P[2]"
"GPIO_Input_2","OffPage","OFFPAGE","3","SCHEMATIC1","","600","346","2C","P[2,4]"
"PC8","OffPage","MCU","2","SCHEMATIC1","U34.39","112","498","5B","P[4]"
"PC8","OffPage","OFFPAGE","3","SCHEMATIC1","","578","346","2C","P[2,4]"
"GPIO_Input_3","OffPage","INPUT","4","SCHEMATIC1","C52.2,D28.2,R22.2,U8.14","570","228","3C","P[2]"
"GPIO_Input_3","OffPage","OFFPAGE","3","SCHEMATIC1","","602","364","2B","P[2,4]"
"PC9","OffPage","MCU","2","SCHEMATIC1","U34.40","112","508","5B","P[4]"
"PC9","OffPage","OFFPAGE","3","SCHEMATIC1","","578","364","2B","P[2,4]"
"PC10","OffPage","MCU","2","SCHEMATIC1","U34.51","112","518","5B","P[4]"
"PC10","OffPage","OFFPAGE","3","SCHEMATIC1","","580","380","2B","P[2,4]"
"GPIO_Input_4","OffPage","INPUT","4","SCHEMATIC1","C51.2,D27.2,R21.2,U8.16","570","240","3C","P[2]"
"GPIO_Input_4","OffPage","OFFPAGE","3","SCHEMATIC1","","604","380","2B","P[2,4]"
"RST_DS3231","OffPage","RTC","10","SCHEMATIC1","U13.4","506","90","3D","P[2,10]"
"RST_DS3231","OffPage","RTC","10","SCHEMATIC1","U13.4","290","228","4C","P[2,10]"
"RST_DS3231","OffPage","RTC","10","SCHEMATIC1","U13.4","502","52","3D","P[2,10]"
"PB0","OffPage","RTC","10","SCHEMATIC1","U13.4","526","52","3D","P[2]"
"PB0","OffPage","MCU","2","SCHEMATIC1","U34.26","112","258","5C","P[10]"
"PB8","OffPage","RTC","10","SCHEMATIC1","U13.4","528","90","3D","P[2]"
"PB8","OffPage","MCU","2","SCHEMATIC1","U34.61","112","338","5C","P[10]"
"SWDIO","OffPage","MCU","2","SCHEMATIC1","J31.03","630","414","2B","Property Not Present"
"SWDIO","OffPage","OFFPAGE","3","SCHEMATIC1","","604","450","2B","P[2]"
"PA13","OffPage","MCU","2","SCHEMATIC1","U34.46","112","228","5C","Property Not Present"
"PA13","OffPage","OFFPAGE","3","SCHEMATIC1","","580","450","2B","P[2]"
"SWCLK","OffPage","MCU","2","SCHEMATIC1","J31.02","630","424","2B","Property Not Present"
"SWCLK","OffPage","OFFPAGE","3","SCHEMATIC1","","602","468","2B","P[2]"
"PA14","OffPage","MCU","2","SCHEMATIC1","U34.49","112","238","5C","Property Not Present"
"PA14","OffPage","OFFPAGE","3","SCHEMATIC1","","578","468","2B","P[2]"
"RS485_TX","OffPage","RS485","9","SCHEMATIC1","J13.01,R141.2,U30.1","484","468","3B","P[9]"
"RS485_TX","OffPage","RS485","9","SCHEMATIC1","J13.01,R141.2,U30.1","100","550","5A","P[9]"
"RS485_RX","OffPage","RS485","9","SCHEMATIC1","J12.01,U30.4","342","184","4C","P[9]"
"RS485_RX","OffPage","RS485","9","SCHEMATIC1","J12.01,U30.4","484","420","3B","P[9]"
"ADC_SDA","OffPage","ADC_16BIT","7","SCHEMATIC1","R3.2,U25.9","466","206","3C","P[2,7]"
"ADC_SDA","OffPage","ADC_16BIT","7","SCHEMATIC1","R3.2,U25.9","254","380","4B","P[2,7]"
"I2C1_SDA","OffPage","ADC_16BIT","7","SCHEMATIC1","R3.2,U25.9","518","206","3C","P[2]"
"I2C1_SDA","OffPage","OFFPAGE","3","SCHEMATIC1","","606","190","2C","P[2,7]"
"PB7","OffPage","MCU","2","SCHEMATIC1","U34.59","112","328","5C","P[7]"
"PB7","OffPage","OFFPAGE","3","SCHEMATIC1","","586","190","2C","P[2,7]"
"BOOT0","OffPage","MCU","2","SCHEMATIC1","R234.1,U34.60","522","316","3C","P[2]"
"BOOT0","OffPage","MCU","2","SCHEMATIC1","R234.1,U34.60","112","68","5D","P[2]"
"PB6","OffPage","MCU","2","SCHEMATIC1","U34.58","112","318","5C","P[7]"
"PB6","OffPage","OFFPAGE","3","SCHEMATIC1","","586","172","2C","P[2,7]"
"I2C1_SCL","OffPage","ADC_16BIT","7","SCHEMATIC1","R2.2,U25.10","516","186","3C","P[2]"
"I2C1_SCL","OffPage","OFFPAGE","3","SCHEMATIC1","","606","172","2C","P[2,7]"
"ADC_SCL","OffPage","ADC_16BIT","7","SCHEMATIC1","R2.2,U25.10","254","360","4B","P[2,7]"
"ADC_SCL","OffPage","ADC_16BIT","7","SCHEMATIC1","R2.2,U25.10","466","186","3C","P[2,7]"
"USART2_TX","OffPage","RS485","9","SCHEMATIC1","J12.02","554","420","3B","P[2]"
"USART2_TX","OffPage","OFFPAGE","3","SCHEMATIC1","","234","366","4B","P[2,9]"
"PA2","OffPage","MCU","2","SCHEMATIC1","U34.16","112","118","5D","P[9]"
"PA2","OffPage","OFFPAGE","3","SCHEMATIC1","","202","366","4B","P[2,9]"
"AIN3","OffPage","TERMINAL","12","SCHEMATIC1","J26.4","556","158","3D","P[7]"
"AIN3","OffPage","ADC_16BIT","7","SCHEMATIC1","U25.7","414","350","3B","P[12]"
"AINO","OffPage","TERMINAL","12","SCHEMATIC1","J26.1","556","188","3C","P[7]"
"AINO","OffPage","ADC_16BIT","7","SCHEMATIC1","U25.4","414","320","3C","P[12]"
"AIN1","OffPage","TERMINAL","12","SCHEMATIC1","J26.2","556","178","3C","P[7]"
"AIN1","OffPage","ADC_16BIT","7","SCHEMATIC1","U25.5","414","330","3C","P[12]"
"ETHERNET_MOSI","OffPage","ETHERNET","8","SCHEMATIC1","U14.35","336","10","4D","P[2,8]"
"ETHERNET_MOSI","OffPage","ETHERNET","8","SCHEMATIC1","U14.35","134","208","5C","P[2,8]"
"SPI2_MOSI","OffPage","ETHERNET","8","SCHEMATIC1","U14.35","360","10","4D","P[2]"
"SPI2_MOSI","OffPage","OFFPAGE","3","SCHEMATIC1","","236","348","4C","P[2,3,8]"
"SPI2_MOSI","OffPage","OFFPAGE","3","SCHEMATIC1","","602","244","2C","P[2,3,8]"
"PB15","OffPage","MCU","2","SCHEMATIC1","U34.36","112","408","5B","P[8]"
"PB15","OffPage","OFFPAGE","3","SCHEMATIC1","","204","348","4C","P[2,3,8]"
"PB15","OffPage","OFFPAGE","3","SCHEMATIC1","","582","244","2C","P[2,3,8]"
"AIN2","OffPage","TERMINAL","12","SCHEMATIC1","J26.3","556","168","3D","P[7]"
"AIN2","OffPage","ADC_16BIT","7","SCHEMATIC1","U25.6","414","340","3C","P[12]"
"PB13","OffPage","MCU","2","SCHEMATIC1","U34.34","112","388","5B","P[8]"
"PB13","OffPage","OFFPAGE","3","SCHEMATIC1","","584","206","2C","P[2,8]"
"SPI2_SCK","OffPage","ETHERNET","8","SCHEMATIC1","U14.33","364","48","4D","P[2]"
"SPI2_SCK","OffPage","OFFPAGE","3","SCHEMATIC1","","604","206","2C","P[2,8]"
"ETHERNET_SCK","OffPage","ETHERNET","8","SCHEMATIC1","U14.33","134","228","5C","P[2,8]"
"ETHERNET_SCK","OffPage","ETHERNET","8","SCHEMATIC1","U14.33","336","48","4D","P[2,8]"
"PB5","OffPage","MCU","2","SCHEMATIC1","U34.57","112","308","5C","P[7]"
"PB5","OffPage","ADC_16BIT","7","SCHEMATIC1","R1.2,U25.1","516","168","3D","P[2]"
"ADC_ADDR","OffPage","ADC_16BIT","7","SCHEMATIC1","R1.2,U25.1","466","168","3D","P[2,7]"
"ADC_ADDR","OffPage","ADC_16BIT","7","SCHEMATIC1","R1.2,U25.1","256","310","4C","P[2,7]"
"USART1_RX","OffPage","TERMINAL","12","SCHEMATIC1","J62.3","762","168","2D","P[2]"
"USART1_RX","OffPage","OFFPAGE","3","SCHEMATIC1","","234","424","4B","P[2,12]"
"PA10","OffPage","MCU","2","SCHEMATIC1","U34.43","112","198","5C","P[12]"
"PA10","OffPage","OFFPAGE","3","SCHEMATIC1","","202","424","4B","P[2,12]"
"GND","OffPage","MCU","2","SCHEMATIC1","C155.1,C156.1,C160.1,C161.1,C162.1,C163.1,C164.1,J11.01,J31.01,R234.2,S16.3,S16.4,U34.18,U34.31,U34.47,U34.63","312","558","4A","P[2]"
"GND","OffPage","MCU","2","SCHEMATIC1","C155.1,C156.1,C160.1,C161.1,C162.1,C163.1,C164.1,J11.01,J31.01,R234.2,S16.3,S16.4,U34.18,U34.31,U34.47,U34.63","312","588","4A","P[2]"
"GND","OffPage","MCU","2","SCHEMATIC1","C155.1,C156.1,C160.1,C161.1,C162.1,C163.1,C164.1,J11.01,J31.01,R234.2,S16.3,S16.4,U34.18,U34.31,U34.47,U34.63","504","152","3D","P[2]"
"GND","OffPage","MCU","2","SCHEMATIC1","C155.1,C156.1,C160.1,C161.1,C162.1,C163.1,C164.1,J11.01,J31.01,R234.2,S16.3,S16.4,U34.18,U34.31,U34.47,U34.63","312","568","4A","P[2]"
"GND","OffPage","MCU","2","SCHEMATIC1","C155.1,C156.1,C160.1,C161.1,C162.1,C163.1,C164.1,J11.01,J31.01,R234.2,S16.3,S16.4,U34.18,U34.31,U34.47,U34.63","312","578","4A","P[2]"
"VREF-","OffPage","MCU","2","SCHEMATIC1","J11.02,U34.12","312","548","4A","P[2]"
"VREF-","OffPage","MCU","2","SCHEMATIC1","J11.02,U34.12","512","276","3C","P[2]"
"NRST","OffPage","MCU","2","SCHEMATIC1","C160.2,R233.1,S16.1,S16.2,U34.7","112","88","5D","P[2]"
"NRST","OffPage","MCU","2","SCHEMATIC1","C160.2,R233.1,S16.1,S16.2,U34.7","846","394","1B","P[2]"
"ETHERNET_RTSn","OffPage","ETHERNET","8","SCHEMATIC1","R67.1,U14.37","134","114","5D","P[2,8]"
"ETHERNET_RTSn","OffPage","ETHERNET","8","SCHEMATIC1","R67.1,U14.37","122","50","5D","P[2,8]"
"PB4","OffPage","ETHERNET","8","SCHEMATIC1","R67.1,U14.37","142","50","5D","P[2]"
"PB4","OffPage","MCU","2","SCHEMATIC1","U34.56","112","298","5C","P[8]"
"PB14","OffPage","MCU","2","SCHEMATIC1","U34.35","112","398","5B","P[8]"
"PB14","OffPage","OFFPAGE","3","SCHEMATIC1","","204","330","4C","P[2,3,8]"
"PB14","OffPage","OFFPAGE","3","SCHEMATIC1","","584","224","2C","P[2,3,8]"
"ETHERNET_MISO","OffPage","ETHERNET","8","SCHEMATIC1","U14.34","134","218","5C","P[2,8]"
"ETHERNET_MISO","OffPage","ETHERNET","8","SCHEMATIC1","U14.34","336","30","4D","P[2,8]"
"SPI2_MISO","OffPage","ETHERNET","8","SCHEMATIC1","U14.34","362","30","4D","P[2]"
"SPI2_MISO","OffPage","OFFPAGE","3","SCHEMATIC1","","604","224","2C","P[2,3,8]"
"SPI2_MISO","OffPage","OFFPAGE","3","SCHEMATIC1","","236","330","4C","P[2,3,8]"
